ticker,mean_error,std_error,feature_importances,mean_r2,std_r2
HAL,0.0007331466308613086,0.0006361569090463954,"[0.06513382 0.09982068 0.10269477 0.09473607 0.15805742 0.08243205
 0.09465887 0.08145939 0.10781793 0.11318897]",-0.9074054467582248,1.0466778871948845
K,0.0001893107095391088,0.00025345314883536797,"[0.08464777 0.0908378  0.0964407  0.10477885 0.09712344 0.10480189
 0.08900211 0.11900946 0.10354256 0.10981545]",-1.8504766547678093,3.2005238756222045
IRM,0.00036333103650619487,0.0002644994385560267,"[0.07080494 0.08435827 0.09977589 0.10377217 0.1103243  0.09918244
 0.09831504 0.09836937 0.12284207 0.11225548]",-2.5041120105867822,7.969705667966972
HES,0.0006247850984329642,0.0004540478822511305,"[0.08072484 0.07291388 0.11547039 0.09728175 0.11593764 0.09988716
 0.11907829 0.10807699 0.10468863 0.08594038]",-1.6360914841308645,3.0872264913843703
KEY,0.0013518606840121343,0.0022373803342363176,"[0.06177305 0.08757684 0.13248757 0.12289676 0.10580017 0.10249833
 0.12262139 0.08634942 0.08888546 0.08911102]",-0.8685489724087943,1.4706916685896896
DGX,0.00020812789079132182,0.00021750694728219533,"[0.06190167 0.09567252 0.10222159 0.10989252 0.09827111 0.13875017
 0.10134081 0.09540802 0.09104099 0.10550054]",-1.2588477132129687,2.256856717409326
TER,0.0006719669730922039,0.000636958063989985,"[0.08366378 0.07094113 0.12343915 0.09102567 0.11333533 0.09852225
 0.11078595 0.09629797 0.08995852 0.12203028]",-0.6878159164778552,1.046603275384387
YUM,0.0001719121732888933,0.00012780159250688931,"[0.09961527 0.07860351 0.09576851 0.08671925 0.08962557 0.09251356
 0.09354134 0.09736618 0.1508558  0.11539096]",-1.0491574476195926,1.0169280809887324
GRMN,0.0003292301431396122,0.0005696062647900198,"[0.06494799 0.08277585 0.09979805 0.09349961 0.11652891 0.09101881
 0.11223258 0.12236178 0.10446104 0.11237539]",-1.3620212254020234,1.639494723869156
ARE,0.0005806456380639939,0.0005968660560064047,"[0.07977081 0.0862898  0.09102986 0.11024615 0.14032818 0.11357575
 0.08594844 0.09860225 0.09676797 0.09744078]",-1.4552841636588942,5.274253522512677
BALL,0.0005365880416380346,0.0005740126500496619,"[0.06149903 0.09393658 0.09537865 0.10288621 0.10848225 0.1112316
 0.10303298 0.1106879  0.10691261 0.1059522 ]",-1.0362002587650265,2.143727334910983
VRTX,0.00040394328455679233,0.0005931672907128279,"[0.06909072 0.1665588  0.12253456 0.0828636  0.09049977 0.07199606
 0.08881141 0.11168773 0.1295783  0.06637898]",-1.6969929713222052,2.6275986248552043
KDP,0.00023124274145089387,0.0002705948108446789,"[0.09928777 0.07369027 0.11162326 0.10573741 0.09539989 0.13777488
 0.12585877 0.09084278 0.08104546 0.07873955]",-2.4478779650527858,5.194499587779003
TXT,0.00031820957633590973,0.00041813400126832406,"[0.07779942 0.09409832 0.10227944 0.100899   0.09657548 0.10897771
 0.10240848 0.09423587 0.12003049 0.10269581]",-2.1328175200219524,4.8962900588116955
DHR,0.0004270862428500239,0.0003768167244144048,"[0.1566437  0.10455335 0.14698796 0.15588519 0.06942189 0.06446224
 0.0658307  0.07891084 0.078454   0.07885014]",-1.8635360036094282,3.848002521778187
INTU,0.0005218913551361103,0.0005200848820218364,"[0.0670522  0.09354745 0.09375684 0.11308228 0.10731692 0.11778462
 0.1014194  0.11210883 0.10561028 0.08832116]",-0.7968844325718668,2.039468951403791
WFC,0.0003673866433943952,0.00037144148349127205,"[0.06020994 0.07811204 0.10937256 0.11411864 0.09046661 0.10258044
 0.14540663 0.10536741 0.10375597 0.09060978]",-1.1829083342954951,2.6930939444748443
AXON,0.0008193646773266491,0.001100243470466734,"[0.07283162 0.0989977  0.10363179 0.10815279 0.10360758 0.10863632
 0.10793848 0.10611979 0.08796042 0.1021236 ]",-2.585268999606112,7.209467288990284
MGM,0.0006718048507624068,0.0006372165673689699,"[0.08047988 0.0872628  0.08635566 0.1311008  0.09955622 0.10381379
 0.09644276 0.09064307 0.12985373 0.0944913 ]",-0.9521128998545101,1.3227134797057454
BG,0.00041972420302588615,0.0007530561488232357,"[0.07687901 0.07468632 0.0869863  0.07349977 0.10312564 0.10102838
 0.1143835  0.14971098 0.11542951 0.10427058]",-0.9269777000912998,1.6361006423091933
TGT,0.0005170428777284054,0.0008624333556132333,"[0.06805941 0.07441884 0.07757901 0.08258307 0.10708544 0.12647198
 0.13685037 0.13482371 0.10610902 0.08601919]",-1.478056938955612,5.2871522956420325
NSC,0.00028053256737997493,0.0002187634594629423,"[0.07214972 0.07257614 0.13064657 0.10432616 0.1187927  0.10094653
 0.10934858 0.09837972 0.09175242 0.10108145]",-1.3260103702572703,2.040276237503233
ETN,0.0003520625182784066,0.00030703504036760264,"[0.09360258 0.08312461 0.08812818 0.12241163 0.11074521 0.11190867
 0.0947585  0.1198075  0.08768602 0.08782709]",-1.5182345988506964,3.3362208103290665
MET,0.00036397765604513995,0.00036306357336618754,"[0.06389685 0.07596266 0.10488673 0.14562416 0.10314389 0.09574294
 0.12075055 0.08805044 0.09680337 0.10513841]",-1.174792903351569,1.5807412686686415
CBRE,0.000463172193732966,0.0004618864242902433,"[0.07256844 0.08626695 0.10499505 0.08233513 0.11490075 0.10246126
 0.12529868 0.1219547  0.09195426 0.0972648 ]",-1.1120823556864246,1.694458001558211
CF,0.0006022178083558505,0.0003571120706901922,"[0.0636715  0.09533889 0.09798042 0.10626962 0.09338677 0.09595215
 0.11938715 0.1050614  0.11803675 0.10491534]",-1.5543192795041352,3.2140486826009056
KMB,0.00012350686009421967,8.26784068156494e-05,"[0.07338914 0.08956803 0.10781396 0.11311661 0.09241551 0.0853603
 0.10353087 0.126035   0.09367009 0.11510052]",-0.9323756243825945,1.5048238147199517
PM,0.000159683956782912,0.00013161144081741028,"[0.08824207 0.08683947 0.13034189 0.08685692 0.11111175 0.08659477
 0.0984424  0.09177066 0.10250336 0.11729674]",-1.921283376716075,3.537380428007715
WEC,0.0002520866683224896,0.0002533824189536359,"[0.07826133 0.08897865 0.08908708 0.10689604 0.14098889 0.10312269
 0.07813059 0.1110846  0.11309463 0.09035557]",-1.1395125254221237,1.3294238848933813
SRE,0.00019550139306468125,0.00013340093770800292,"[0.07430926 0.08450607 0.07070804 0.09316055 0.08599186 0.1246965
 0.08458013 0.09944739 0.1818906  0.10070954]",-1.6225766722404693,4.8503536252365915
FDX,0.0003780430200517149,0.0005587330280426015,"[0.07503613 0.08577699 0.07567707 0.0877954  0.12070639 0.11551259
 0.11397363 0.12097587 0.10045829 0.1040877 ]",-1.1357782753138332,1.6378828921613178
IVZ,0.0005457752127531747,0.0009580345097595133,"[0.06851023 0.07442666 0.07641144 0.13444126 0.11345506 0.09039299
 0.10142332 0.11947607 0.11217826 0.10928473]",-0.5286576185740268,0.9271262246553095
CTRA,0.00045346722128457675,0.0004346917744999947,"[0.06607708 0.08516739 0.11179842 0.10088816 0.09355314 0.10040266
 0.10611632 0.11446237 0.12217166 0.09936283]",-0.899885284405672,1.392569061337662
ES,0.00036431782856366534,0.00034099959357567324,"[0.06478217 0.09867693 0.10039816 0.1306636  0.10837918 0.133254
 0.08782556 0.10035548 0.10020343 0.07546148]",-1.4598145486087206,2.199632062831976
LRCX,0.0008207033215966284,0.00077502877885922,"[0.06994684 0.08916438 0.09461006 0.11918865 0.11258299 0.09822747
 0.10897133 0.1192165  0.10057893 0.08751281]",-1.0050957743031692,1.9090581976465568
MRO,0.0006487842368909133,0.0005613101370186669,"[0.07683413 0.07899931 0.12206469 0.09760773 0.10124992 0.09571681
 0.09983134 0.09524096 0.11943769 0.11301734]",-1.237520793156992,2.2583763992780623
GIS,0.0001989142590456416,0.0001593192489749257,"[0.07494733 0.09713237 0.11095862 0.11291448 0.0855609  0.09748737
 0.09871003 0.09728575 0.11885229 0.10615092]",-1.6624974518009623,2.3922839480156264
JBHT,0.00037412192978797696,0.00031268023918943775,"[0.07309262 0.09009656 0.10575661 0.08140899 0.11752412 0.11268274
 0.10302299 0.10537132 0.10821816 0.10282594]",-1.0069485812904366,2.576871061782858
RJF,0.00041035337630509545,0.00039976766081018807,"[0.06927144 0.07779431 0.07794755 0.11485049 0.1118279  0.09715892
 0.12722532 0.10359491 0.10192599 0.11840316]",-1.081956371938014,2.0040599679254125
CTSH,0.00042712524298051753,0.0006289079713631034,"[0.08208641 0.07920386 0.12276081 0.08442269 0.11421397 0.08778315
 0.0917143  0.11516745 0.11653437 0.10611306]",-1.5980891755462607,2.8467306137621664
PFG,0.00045137175080800377,0.0003360825117262531,"[0.0653827  0.09068875 0.08955551 0.1247751  0.09412847 0.10099974
 0.1319614  0.10309435 0.11032109 0.08909287]",-1.9110375495188112,2.8755963187638773
RSG,0.00016126362482108176,0.00017362160726682558,"[0.09619655 0.07646083 0.12633863 0.11525885 0.09934531 0.12136927
 0.0822714  0.10248815 0.09921515 0.08105584]",-1.9816851111663294,3.5780791329362387
NTAP,0.00038631570672763505,0.0005521026620807081,"[0.06663372 0.08681652 0.10375421 0.10718509 0.11281415 0.10155411
 0.12614238 0.11015236 0.09865811 0.08628941]",-1.4215760096190988,3.369066010069837
DUK,0.00020976072887204198,0.0001811288752977839,"[0.08646775 0.09208827 0.08115368 0.10561413 0.0835051  0.07204691
 0.12471303 0.0935942  0.15753067 0.10328629]",-1.5264137160102098,3.1627039569328326
COST,0.0002577964795622012,0.00024502726952184845,"[0.06526812 0.09094772 0.10408836 0.08897547 0.10184038 0.10534132
 0.10446896 0.10107878 0.11966703 0.11832381]",-1.4618059006323185,1.6460224901813778
AVB,0.00029580292201668773,0.0002817611790445866,"[0.06441418 0.07821074 0.09752366 0.16949418 0.09828839 0.09846494
 0.08222958 0.13076256 0.10427053 0.07634123]",-0.6807414188075229,1.113335924880789
FMC,0.0006081673814929125,0.0008112203645836974,"[0.08054373 0.07779418 0.11106843 0.11956903 0.10332248 0.09770425
 0.10606584 0.10548337 0.09826749 0.10018121]",-2.086671563532244,4.633413898304057
LOW,0.0003532410514491297,0.000249765453075825,"[0.07351761 0.09596525 0.09013742 0.09731062 0.12566622 0.13936019
 0.10307343 0.09370689 0.09095003 0.09031235]",-1.2986008093055859,1.7374726996424643
EXPE,0.0009511722022220273,0.0012752858622988995,"[0.08620942 0.07654885 0.1045609  0.0889878  0.10255582 0.09790137
 0.1135446  0.10253961 0.13079478 0.09635687]",-1.065209589453588,2.4685429344109404
PGR,0.00041122146011369733,0.0006293814087146778,"[0.06825327 0.08258786 0.11942881 0.10751147 0.10893753 0.09594773
 0.11460871 0.08767965 0.10480583 0.11023914]",-1.5701569901083754,2.4509973462767016
EQR,0.0002999419053240443,0.0002712335708653281,"[0.06703165 0.09989834 0.07748721 0.13802028 0.09428792 0.10526232
 0.10881321 0.11026757 0.10376921 0.09516228]",-0.8574938053455441,1.1457884602367894
APH,0.00026485574306326135,0.00017891195004391227,"[0.07061853 0.08585984 0.12349012 0.11527225 0.10970093 0.09022653
 0.11262554 0.09023993 0.10006579 0.10190059]",-1.637389707233106,2.4309026769741586
O,0.0002249923705028727,0.00021224223328939794,"[0.06846468 0.10967714 0.07549737 0.11000133 0.11147188 0.0816016
 0.07582522 0.09976663 0.06898919 0.19870503]",-1.9568896174994406,5.456787164603806
USB,0.0007919182458299369,0.0011904086826875562,"[0.07742168 0.06291406 0.10087289 0.12449752 0.08269562 0.09797259
 0.17741716 0.09807329 0.08474444 0.09339078]",-1.1200793896310954,1.5314052892433372
HAS,0.0010509362344665707,0.0016723694555293872,"[0.08838041 0.08274724 0.08335379 0.09236987 0.10076341 0.11916418
 0.11697642 0.11652803 0.11333439 0.08638225]",-2.06525515250988,5.560529885128624
CAG,0.0002734382395285674,0.0003908271043863934,"[0.07610349 0.08649117 0.08267128 0.10658193 0.08359654 0.13330378
 0.10560324 0.11956505 0.09507627 0.11100727]",-2.210460897296619,3.5804207992032233
CHRW,0.00037347362914591324,0.00042054477246194957,"[0.07631226 0.0873497  0.1002865  0.08904485 0.10802849 0.09617659
 0.12273745 0.10431593 0.11166435 0.10408389]",-1.4458117761497127,2.872430099029411
NKE,0.000475036915035244,0.0005961776306674219,"[0.0671694  0.09080795 0.09495596 0.09442249 0.10087043 0.12023477
 0.11146379 0.10849417 0.11026039 0.10132074]",-1.5347505845897875,2.516208980600695
LLY,0.0004558105580999618,0.0006625963729249355,"[0.0718992  0.08474908 0.10779282 0.07802776 0.10425225 0.11166985
 0.09848565 0.09765291 0.13052778 0.11494266]",-1.7604852004402656,2.719678886531544
KR,0.0002518263350030336,0.0003041455069779843,"[0.06972907 0.09817562 0.09905031 0.09947959 0.10118879 0.09232228
 0.10356831 0.1081508  0.1251751  0.10316017]",-1.1429245291135675,2.515189839748326
PNW,0.0002083276503190447,0.00013520805177267566,"[0.05562691 0.09963905 0.17505223 0.10195387 0.08443385 0.09390922
 0.13191321 0.0852977  0.07959399 0.09258004]",-0.8001395177116445,0.9394376993999504
ALL,0.00045121524432540803,0.0005196530772437666,"[0.08216408 0.08666807 0.09644695 0.08888233 0.11047816 0.09065102
 0.15153193 0.09041959 0.11491329 0.08784463]",-1.8544623442810135,2.481600058882798
NVDA,0.0013265209218752535,0.0015289621213588687,"[0.07562397 0.10113807 0.10443521 0.0876155  0.1101639  0.09434346
 0.09740359 0.13133636 0.10669872 0.09124108]",-1.4637549113716173,3.5611717881323415
LMT,0.00020819096850527568,0.00035000906175855197,"[0.08229914 0.08052859 0.08512955 0.11004386 0.12524655 0.12065084
 0.08715361 0.09488152 0.09697169 0.11709466]",-1.3569601215204008,3.276459089164743
NEM,0.000593653282828858,0.0004563186458362393,"[0.06407716 0.0887727  0.102662   0.0983567  0.10061438 0.09677068
 0.11538753 0.12220539 0.10500305 0.10615043]",-1.1535705817103976,1.2571199349227093
GOOGL,0.0005443187959875822,0.0005786596452522557,"[0.08490236 0.08346968 0.09904565 0.09644438 0.11840804 0.09552968
 0.09651242 0.09591045 0.11472757 0.11504977]",-1.0606346918300236,1.5954090383688706
ADBE,0.0006751159274977468,0.0005734994477264892,"[0.07999301 0.09665765 0.09988718 0.09266718 0.0949153  0.12146901
 0.09755957 0.10485496 0.11202987 0.09996635]",-1.4926206118559524,1.7968821477544155
OMC,0.0003102000864161972,0.0002751002349387964,"[0.07548941 0.08105225 0.10848171 0.11064632 0.09385801 0.10377222
 0.11732759 0.12123599 0.09991352 0.08822301]",-1.6091825010513547,2.8362227981686727
DOC,0.00038553690846735615,0.0003129128140800679,"[0.10459459 0.08664948 0.11547671 0.10795159 0.11940637 0.11589067
 0.08516384 0.08744009 0.09977343 0.07765321]",-0.8262899678634268,1.2575197530972364
BRO,0.00032437615578042824,0.00041832113513197726,"[0.0885415  0.08713377 0.09929276 0.11057195 0.1008544  0.09221765
 0.10889554 0.12179678 0.10180345 0.08889221]",-1.093378407240113,1.8234434458013367
MRK,0.00020562457434403818,0.00014592408110622915,"[0.09373453 0.07331423 0.10315582 0.09353938 0.1014327  0.1048841
 0.11517026 0.10293024 0.10531043 0.10652827]",-1.3789573202189824,2.3616604338615064
CDNS,0.00046470804337815885,0.0005179775326431087,"[0.07420243 0.09674847 0.0999874  0.09385692 0.09358325 0.10064219
 0.1441915  0.11372697 0.09536574 0.08769516]",-0.8687457494461979,1.5870276849438847
CMS,0.00024081688158653457,0.0001982327031720414,"[0.07700275 0.09581534 0.10763008 0.10618389 0.09467625 0.10660169
 0.09946355 0.11148688 0.09932469 0.10181491]",-1.7268688157109309,3.747695348307353
ADM,0.0002795797378003849,0.0002526143614193398,"[0.07178296 0.08271573 0.12216438 0.09887313 0.1081686  0.1047966
 0.1102147  0.10270972 0.09802911 0.10054511]",-1.4428630052859057,2.4897259180161444
PAYX,0.0002463164659043498,0.00022246272738622307,"[0.07278374 0.08312507 0.08751234 0.12915882 0.14073923 0.07566626
 0.09431544 0.09412597 0.11538237 0.10719071]",-1.1014500134686735,2.0751816880520417
AMT,0.00039514502991101714,0.00035547931404689083,"[0.0700599  0.08540858 0.12339732 0.10694354 0.09127531 0.10850798
 0.09995536 0.10605297 0.0939266  0.11447243]",-0.959945637175622,2.6716654227569094
PFE,0.0003510362214076812,0.00034451532218183394,"[0.07944303 0.09784719 0.08666499 0.10122532 0.10563936 0.10837868
 0.11136249 0.09685741 0.09606207 0.1165195 ]",-2.6797415208885997,9.238447445015561
T,0.00038617866796918446,0.0005105672122988786,"[0.069594   0.08514129 0.09666368 0.08952588 0.11786766 0.10494335
 0.14136373 0.09400804 0.10056073 0.10033164]",-1.3196733246385208,1.8811978696985991
WYNN,0.0006889257474871995,0.0007888960001254216,"[0.06477185 0.09514402 0.11144157 0.09506787 0.09843    0.11680514
 0.10475967 0.09105919 0.13608399 0.0864367 ]",-1.0663848207127413,1.4551886447919191
MU,0.0007008449228575928,0.0005646059989484215,"[0.06850489 0.0889016  0.1014448  0.09121336 0.10580713 0.0995793
 0.10299254 0.11520769 0.10219026 0.12415837]",-0.8225883593847108,1.1971866020668909
BA,0.00047622036191729205,0.0004849476497204382,"[0.09983569 0.0836961  0.08117292 0.11229463 0.11294467 0.08304641
 0.14250472 0.08698245 0.09527706 0.10224538]",-1.3660846495119523,2.7216012709790616
MNST,0.0002507852022198773,0.00027038289247259355,"[0.07669788 0.07629353 0.12033717 0.14568825 0.09611261 0.08751234
 0.09677169 0.09069453 0.11033987 0.09955214]",-1.2718351896123414,1.9400368103575163
WDC,0.0007975066812586287,0.000808990097569094,"[0.07288325 0.08137824 0.09278386 0.11098313 0.1110805  0.10633102
 0.11207037 0.1088329  0.10326841 0.10038833]",-0.7734552924839209,0.986577646073691
WMT,0.00020352577271879146,0.000300649311031513,"[0.08186869 0.07861315 0.09219571 0.08508315 0.09505844 0.1141633
 0.12233181 0.13137177 0.10438586 0.09492817]",-3.5201743815885593,12.278413934385707
NUE,0.0006752554931872367,0.0006412924416618149,"[0.07954802 0.07995735 0.09345985 0.09565067 0.1121648  0.11679368
 0.11477035 0.1067118  0.1066089  0.09433451]",-1.3499165659110235,2.0524851429496827
NDAQ,0.00034851172567484847,0.00045103366665186396,"[0.07241587 0.07947402 0.0959808  0.10327712 0.16081569 0.09309116
 0.09822962 0.08765517 0.11713209 0.09192856]",-1.0530683158062724,1.6668100589358406
CCI,0.000433518964214634,0.0003440877544702819,"[0.06732265 0.09457745 0.10346497 0.12008791 0.08574263 0.09511223
 0.10439778 0.1059247  0.11986884 0.10350083]",-1.3996495734401317,2.060006746376506
BMY,0.00021327747501820546,0.0001864260392430038,"[0.08097754 0.08096389 0.09395719 0.10919289 0.10260899 0.10522579
 0.11355286 0.10776983 0.10204808 0.10370287]",-1.594597300180701,2.478967872895186
CTAS,0.000250677255491658,0.00021848092241267595,"[0.07741536 0.10661676 0.08053643 0.09846484 0.07788153 0.1122536
 0.11198001 0.09797863 0.13855736 0.09831545]",-1.5333637575202756,2.174177457207324
SNPS,0.0004892475166153555,0.0004852055181325411,"[0.08208586 0.09292391 0.08564034 0.11094572 0.10496332 0.09153301
 0.11400708 0.09251394 0.1197127  0.10567406]",-1.6972469157782497,4.045611656834851
MS,0.0003346853374870557,0.00029860676346117355,"[0.07056247 0.08377907 0.11788456 0.09143945 0.10660016 0.11569294
 0.10037263 0.11715572 0.10400257 0.0925104 ]",-1.3745904943909442,2.725170167120335
NTRS,0.0005694849751841553,0.0008394252072758891,"[0.05849794 0.09549654 0.13119972 0.093215   0.09372218 0.1351434
 0.12846318 0.08461    0.08794835 0.09170365]",-1.980575963270164,5.444141680136616
DE,0.0004032897903445992,0.0003811916472783783,"[0.08239037 0.08250187 0.10293016 0.09410203 0.10482389 0.10336708
 0.1075561  0.1119507  0.11084959 0.09952824]",-1.264332874463765,1.4754608110551592
TEL,0.0002800228942030993,0.00024144980867045208,"[0.07514247 0.09164879 0.09459775 0.10062962 0.09600975 0.0894568
 0.11750415 0.11336495 0.12890933 0.09273636]",-1.1007404924896511,1.559879297271764
GS,0.0002549174469737626,0.0002226191530727656,"[0.07737337 0.07976393 0.1076995  0.13081874 0.12205321 0.09889822
 0.0956405  0.09216604 0.09588478 0.09970167]",-1.5280041674446956,4.252172637277389
HPQ,0.0004388872430113701,0.000493388055386907,"[0.06598201 0.09341738 0.07987177 0.09986737 0.10959382 0.1006642
 0.13175035 0.09884264 0.11369854 0.10631188]",-1.142056236147736,2.2787139213419136
CVS,0.0003648561161709193,0.00040741057810758056,"[0.07257968 0.08975562 0.093715   0.09347067 0.11290672 0.10030252
 0.11539792 0.11135273 0.10711598 0.1034031 ]",-4.769256798619581,23.996843826688576
GPC,0.0003209244279948838,0.00043473334273420666,"[0.05703959 0.07533823 0.0828195  0.13763122 0.09799787 0.11794097
 0.09257305 0.0903184  0.1436605  0.10468068]",-3.2789809602162228,9.150894802241865
BSX,0.00025823273827730404,0.00021500971123515603,"[0.07907096 0.08140146 0.10040837 0.1038522  0.10708629 0.10890061
 0.12607391 0.10521293 0.0911829  0.09681038]",-3.1587308393748934,7.548426455835396
TROW,0.0005989476228250784,0.000990361636950587,"[0.06794088 0.10345952 0.10178506 0.08636182 0.11748352 0.09153242
 0.13565095 0.10795707 0.100166   0.08766276]",-0.6092899125964663,0.9389932490032099
MDT,0.0002572899290218415,0.00022967815606685766,"[0.07559787 0.08633047 0.09707007 0.09872708 0.11153523 0.10636476
 0.1423156  0.09081952 0.09556475 0.0956747 ]",-1.453662416102201,2.908539355700115
VTR,0.00038671994869796437,0.0004257281834214449,"[0.05784233 0.142224   0.06500873 0.07856607 0.15270178 0.06423225
 0.12741308 0.07402415 0.15824185 0.07974577]",-1.311120469485931,3.179477670587583
PTC,0.00037991960469013135,0.00033302117307907665,"[0.07240932 0.08560731 0.10609312 0.08728842 0.09767291 0.1213663
 0.10116278 0.10288536 0.10813394 0.11738055]",-2.3993637053533625,5.316309169665032
TSN,0.0004771167294747699,0.0014423716858043515,"[0.07759685 0.0842206  0.08468647 0.09350917 0.09720702 0.11566076
 0.11769792 0.108994   0.10162334 0.11880396]",-1.2475739149778895,1.9387203547068534
AMP,0.00041275246054687495,0.0004438337464284951,"[0.06197187 0.07368143 0.1263747  0.1348863  0.12389778 0.07134177
 0.08974457 0.10984219 0.12775004 0.08050931]",-1.2735695406429013,2.179573459933359
ATO,0.00025254370334311317,0.00026080605189783725,"[0.09197386 0.08310155 0.08876717 0.10677207 0.14814071 0.08972252
 0.11066868 0.09651767 0.07849167 0.10584407]",-1.7514714352572056,3.0482384329997076
A,0.0004287487590343898,0.0004082628336164355,"[0.06738184 0.0833336  0.1227948  0.09854969 0.098096   0.10136907
 0.10734981 0.10527532 0.10249905 0.11335079]",-0.8445317316148441,1.0563925208609295
MMC,0.0001887981672485039,0.0001946909736141265,"[0.0917047  0.09578054 0.10856113 0.10389229 0.09127636 0.10418803
 0.10870089 0.10168177 0.09231227 0.10190202]",-1.538905291018755,2.615317203266798
IDXX,0.0005583469230298761,0.0005826068725727495,"[0.05840036 0.09706175 0.10036881 0.10130985 0.09975506 0.10751195
 0.11485861 0.12599388 0.10062777 0.09411202]",-0.8382362319228224,1.4601781808999077
LULU,0.0006106466852701037,0.0007806123157067573,"[0.0832943  0.08065388 0.11012187 0.07997266 0.10279821 0.10620732
 0.10416128 0.12421196 0.10397399 0.10460453]",-1.2254216089793097,2.216201081909824
GEN,0.0005944958342952697,0.0006627940636585812,"[0.05656389 0.09871773 0.12047695 0.09103586 0.09318498 0.09891747
 0.10900588 0.10885756 0.12438059 0.0988591 ]",-3.3050372921124564,8.59035832580943
GPN,0.0005292896807405109,0.0006764046021302957,"[0.09275709 0.08252507 0.08115386 0.10738007 0.1191638  0.09426972
 0.08934144 0.11199713 0.1170549  0.10435683]",-1.0177509354552496,2.5293007857249665
AAPL,0.0003261203420502586,0.00033866303625254416,"[0.08682919 0.0799819  0.10585634 0.12069136 0.10355096 0.09655555
 0.10437588 0.09620772 0.11563414 0.09031704]",-1.1168790061019633,1.4617207305458912
J,0.0002857574961915469,0.00028586650876508276,"[0.07446388 0.0852372  0.0992695  0.10910503 0.10220351 0.09310172
 0.1273148  0.10867248 0.10634027 0.09429159]",-1.323910758326632,3.1199482865554837
DVA,0.0008426570012724708,0.0021537177245700826,"[0.08941904 0.08497649 0.10110598 0.09481818 0.09383103 0.09119418
 0.09503654 0.10324766 0.11898553 0.12738536]",-1.4583942504694896,3.0945931354426928
DXCM,0.0009479869084325923,0.0011993515885702919,"[0.07900717 0.08588655 0.10890359 0.09205028 0.10151327 0.10347462
 0.11385864 0.1186478  0.10149593 0.09516209]",-1.4300034483896407,2.6990345424502835
AMAT,0.0008223333158832879,0.0007924637296343079,"[0.08146051 0.08194578 0.10663453 0.08609602 0.11973429 0.09833686
 0.09648344 0.11171649 0.10161634 0.11597583]",-1.0792670547142895,1.7506212876979341
ALGN,0.001488773474648199,0.0023951903448375766,"[0.06771165 0.09101266 0.09508827 0.09709749 0.10860004 0.10832724
 0.10120326 0.10005405 0.11038318 0.12052207]",-1.2275121046348163,2.059268415716391
KLAC,0.0009419009010628475,0.0016520828601034078,"[0.06951871 0.08367427 0.10405929 0.10386388 0.09991083 0.10635867
 0.12629464 0.10677812 0.09505784 0.10448373]",-1.4897129131237687,2.8476183180595385
AME,0.00021900824583106666,0.00015401525246853034,"[0.07743347 0.10172164 0.09608612 0.10153419 0.10734748 0.08548728
 0.11640031 0.09719003 0.09255371 0.12424576]",-2.549668924541676,5.672558457320367
RMD,0.0004959227214655381,0.0009307457326009805,"[0.07245422 0.09249542 0.09626742 0.08744501 0.10589129 0.0967775
 0.10882182 0.12368276 0.09500308 0.12116152]",-0.8632483833895612,1.1901975209743763
QCOM,0.0006860190702084446,0.000668416793832464,"[0.07680143 0.10330972 0.08828706 0.09648053 0.13160588 0.1049621
 0.10145613 0.1185827  0.09772148 0.08079291]",-1.2422220072040253,1.9610542095817596
MDLZ,0.00018383309016439873,0.00019990019415635308,"[0.07648395 0.07889581 0.11595809 0.09558903 0.10539556 0.10298231
 0.1227183  0.10114097 0.11305165 0.08778435]",-1.7061174298672264,3.0658386139589378
RCL,0.000905799861744585,0.0008425968601709966,"[0.0705581  0.09509164 0.091842   0.12601459 0.0980049  0.11799842
 0.09270446 0.10267928 0.09642822 0.10867839]",-1.3595414046306982,2.4686439763744574
DPZ,0.0005030148759161852,0.000644813354540235,"[0.09578832 0.0865652  0.09923996 0.128641   0.10393588 0.08086207
 0.0983244  0.1099816  0.10624497 0.09041654]",-1.185339769836362,2.0616453687505265
VRSK,0.00024926279745064614,0.00031018811056738715,"[0.0689707  0.07991925 0.10374933 0.11327098 0.09183864 0.09699146
 0.08804984 0.08832368 0.11792884 0.15095727]",-1.585759999874242,4.0433466911129345
ABT,0.00022742679075314843,0.00022538915908243805,"[0.06711993 0.09917287 0.10918266 0.1079175  0.10699521 0.12160258
 0.09004116 0.09151025 0.10424938 0.10220849]",-1.3427640813363162,2.349155117151435
MAA,0.0003068099069019249,0.0002595340931656935,"[0.08230383 0.08656915 0.10111713 0.10461844 0.09698037 0.14551291
 0.09886786 0.09413373 0.10473894 0.08515766]",-1.077582667518637,1.6770138836762025
VLO,0.0006256900702229515,0.00043403911125417346,"[0.06144115 0.09266902 0.08226402 0.10838331 0.10942882 0.09362356
 0.13218583 0.0800834  0.14632502 0.09359593]",-2.02598086547104,5.066366209967464
PPL,0.0002145529486137963,0.0001585541228843794,"[0.06871473 0.09220672 0.06977534 0.15073773 0.1008596  0.10765398
 0.09974851 0.12488732 0.09671637 0.08869974]",-1.165887210947407,1.327220101513839
FIS,0.0010350157542974644,0.002505426409849354,"[0.09992097 0.10553135 0.11951365 0.11443619 0.08511925 0.10335989
 0.08510035 0.10770647 0.08699936 0.09231257]",-2.4711657515538006,6.575555489938048
CAT,0.00043850366597401045,0.00040424807677499593,"[0.06666083 0.09563249 0.09293716 0.10122763 0.10619853 0.11329996
 0.10934056 0.10419656 0.10167574 0.1088306 ]",-1.5864456928384354,3.7838547917058585
AEE,0.0002615585588214958,0.00029540986159576896,"[0.08799943 0.0931664  0.10356666 0.10348546 0.13364138 0.11367254
 0.08461735 0.09118719 0.09275901 0.09590466]",-1.4673575783242345,3.642019698475378
ACN,0.00032354787447862437,0.00033857265318271135,"[0.08669703 0.08794881 0.09344357 0.08984416 0.10495149 0.11401744
 0.12453862 0.08161167 0.11358391 0.10336328]",-0.9258040469089678,1.2794298642601138
HD,0.00030049596289455664,0.0003106880567311847,"[0.08115373 0.08960515 0.11471868 0.10175775 0.10194743 0.09518509
 0.09135494 0.0929277  0.11512256 0.11622696]",-1.230555939166558,1.9855952886342902
TXN,0.000326584849137242,0.0002755786902171594,"[0.06949222 0.08339465 0.08743909 0.0844603  0.11620919 0.08531895
 0.15468793 0.11418705 0.0946002  0.11021044]",-0.46070354747353903,0.6360287964435274
DOV,0.00028066827453738407,0.0002442243898399447,"[0.09634329 0.09683605 0.11852314 0.09197189 0.11308508 0.10393231
 0.08945762 0.09377253 0.09771299 0.09836511]",-1.27730556173975,2.6749622578383643
DIS,0.00047957315882467516,0.0006209489217845481,"[0.07916468 0.08062559 0.10588665 0.11150977 0.12378751 0.10965277
 0.08789092 0.10000941 0.10875862 0.09271411]",-0.9637485244740335,2.309206609641939
COO,0.00035294444402608484,0.0003420720636523415,"[0.09138414 0.08231892 0.09688764 0.10115672 0.10822618 0.11734969
 0.09142524 0.10628986 0.08915167 0.11580995]",-1.0363316037555599,1.5553809330784139
MO,0.0001487824534164803,0.00020546290061792426,"[0.08120783 0.08043009 0.09888516 0.10970414 0.104377   0.10681496
 0.09993381 0.09283435 0.12862761 0.09718511]",-7.243035335520109,43.13086354502709
EOG,0.0005424027734634014,0.0004017239996755604,"[0.08242881 0.09838895 0.08092123 0.09452206 0.12063929 0.1063676
 0.11562457 0.11297934 0.09856463 0.08956356]",-1.8122091145016808,3.0328273136488693
PLD,0.00043586165074713126,0.00043977057840232275,"[0.08843263 0.08457373 0.09967653 0.11332809 0.13169831 0.09371948
 0.09077433 0.09667549 0.11312432 0.08799709]",-1.0001726433588884,1.7889023028005897
MTB,0.0006234678096818569,0.0006879054608137583,"[0.06714731 0.07947756 0.12413242 0.13510206 0.09239884 0.09141535
 0.11434255 0.10595382 0.10107967 0.08895037]",-1.144516841144963,2.195727977044866
WELL,0.00038246292182479567,0.0004208234006377831,"[0.07284478 0.09239957 0.10333597 0.07935248 0.13813145 0.09458154
 0.06570857 0.12636922 0.13724881 0.0900275 ]",-1.040681762875917,2.6117362994652034
PH,0.00040328932963040265,0.00037006141178719926,"[0.08759245 0.11494604 0.08706103 0.10930073 0.09157415 0.11229552
 0.09817158 0.10391782 0.11121744 0.08392318]",-1.2106668622630883,2.277130392173716
UDR,0.0003222652803620478,0.00033473611012025593,"[0.08223227 0.07889074 0.10502935 0.12918796 0.09825999 0.10927643
 0.10319126 0.08919393 0.11574616 0.08899186]",-0.6331993869171959,0.8956488727926958
TAP,0.00028273155052238537,0.00029064565023264363,"[0.0804834  0.0862238  0.10333964 0.11112695 0.10285376 0.09972183
 0.10945568 0.11185969 0.09011105 0.10482419]",-2.1695091730368614,5.289016278381174
BXP,0.0009944459105165806,0.0009878681143294151,"[0.07024361 0.10131748 0.0896158  0.10550408 0.08835767 0.11786656
 0.101102   0.09537518 0.14254433 0.08807324]",-1.7288225747831296,3.7032139941444746
WAB,0.00028984422252535175,0.00024596434407752455,"[0.07063711 0.08214953 0.11826728 0.09002881 0.13592023 0.10252723
 0.1029858  0.09314535 0.11126589 0.09307279]",-1.7235835473222478,2.6244940822202985
MMM,0.00037422025598894286,0.0003584590228524092,"[0.07776041 0.09507899 0.07764842 0.11170494 0.11272296 0.08977281
 0.11165055 0.12425421 0.10563908 0.09376764]",-1.0095914597921924,1.2705250336702183
TFC,0.0008860346703730011,0.0013563067349027043,"[0.07570797 0.09713212 0.09414179 0.09926653 0.08865023 0.11239684
 0.10317282 0.1042043  0.11964129 0.10568611]",-1.245259918704629,3.661539913579284
FAST,0.0002920468315228886,0.0003172312124202791,"[0.07742451 0.08278433 0.10036207 0.10137808 0.09757109 0.09899791
 0.11388741 0.12753803 0.10169559 0.09836098]",-3.205497313212581,8.316651116212345
GLW,0.0002923240345786431,0.00020338055870284145,"[0.06244507 0.07851885 0.08864459 0.11614946 0.10380094 0.08498179
 0.14139566 0.10963874 0.12285545 0.09156941]",-1.5813291910483673,2.2649779543856776
CB,0.0002165467111831825,0.0002316097619531479,"[0.07844654 0.11708103 0.11145297 0.09566266 0.13784681 0.07858648
 0.09166408 0.09579679 0.08922362 0.10423905]",-1.7533232227760622,3.0667235485543127
MCD,0.0001282887651528294,0.00011032561683495346,"[0.08894271 0.09112623 0.15062702 0.08632594 0.09671776 0.08574978
 0.10740229 0.0906836  0.08855544 0.11386922]",-2.390690762606386,5.075782842001968
CLX,0.0003298519673704775,0.0004379681149986678,"[0.07036392 0.08179935 0.12994386 0.10139231 0.09370167 0.10558863
 0.09752581 0.10722186 0.10465481 0.10780776]",-1.4894125692044424,2.7716120529633486
TJX,0.00018801881669275517,0.00019515045066085572,"[0.08118431 0.0996677  0.09375082 0.10074604 0.09335858 0.11434454
 0.09914343 0.09334031 0.14184633 0.08261788]",-1.9619569546907651,3.636169163914704
GOOG,0.0005993405483411082,0.0007240242855725458,"[0.08391564 0.09597591 0.10030437 0.09696657 0.10242155 0.09470785
 0.09156011 0.10370357 0.12044935 0.10999512]",-1.1348284862386404,1.574422956993922
LHX,0.00033257474742392736,0.0004435121715946791,"[0.06977308 0.08235142 0.11315478 0.10951239 0.10148368 0.10026105
 0.10610288 0.11311404 0.1149573  0.08928949]",-1.9315804040462896,3.624032282847792
BK,0.00039019425465112946,0.0004924925776046479,"[0.08911774 0.08161129 0.10110796 0.1003132  0.09923972 0.09857311
 0.12431116 0.09994302 0.09184703 0.11393571]",-1.827959450333222,4.693670872799165
GE,0.0003285122821729273,0.0002660096224357255,"[0.06706917 0.08011072 0.10354955 0.11056772 0.11589657 0.10441988
 0.10199426 0.08299619 0.13221447 0.10118143]",-0.9908154552053966,1.5383396532730647
CME,0.00020281481465861788,0.0001772014820972019,"[0.05950669 0.08980701 0.1296455  0.08654016 0.1270778  0.08586404
 0.11783652 0.12254681 0.08886252 0.09231304]",-1.678982264011549,2.315846828687024
HSIC,0.00026690137170045167,0.00024256666973510087,"[0.06110649 0.08655178 0.0915039  0.11331054 0.11673773 0.11719247
 0.10923921 0.09964584 0.09229707 0.11241495]",-1.0768223224338738,1.774025582958298
PODD,0.0010157250681322053,0.0016970307630633263,"[0.07254563 0.08856326 0.0870522  0.09321782 0.11480621 0.10994887
 0.10648154 0.12041515 0.1035388  0.1034304 ]",-1.4103120832944953,2.7006944326443847
ROST,0.0003340950487265372,0.0004407257962065188,"[0.06393268 0.08780275 0.09698376 0.1264559  0.09182509 0.1042529
 0.10519186 0.11314388 0.11404578 0.09636536]",-1.8169977771205374,6.160137317444246
REG,0.0003011669662781375,0.0002505253892560909,"[0.07268055 0.0862764  0.08755464 0.07849889 0.08171602 0.0927447
 0.08048392 0.13201424 0.21709533 0.0709353 ]",-1.3261598754604578,2.4346207462065594
PHM,0.0005764284712127761,0.0006070548431312378,"[0.05770126 0.07243494 0.12315285 0.09261901 0.09107254 0.1295374
 0.09943686 0.093172   0.13299386 0.10787922]",-1.2844119933521811,1.9219779944138256
CSX,0.0002394353150938752,0.00019228152159989428,"[0.07778738 0.07716722 0.13079064 0.10291109 0.09491234 0.10753156
 0.10183381 0.11708865 0.09682892 0.09314839]",-1.1743848403697261,2.5142730251415903
HRL,0.00021681566278427465,0.00029382504056608017,"[0.06967848 0.09090833 0.10543837 0.11094536 0.09431151 0.09776136
 0.1110079  0.11224844 0.11563092 0.0920693 ]",-1.2173754603697169,1.802137000362637
TRV,0.00022120443454989197,0.00023527294999135367,"[0.0910637  0.1203398  0.11634428 0.10969763 0.11272022 0.07451071
 0.1140349  0.09159275 0.07996495 0.08973103]",-3.6563268053091056,15.89221828954514
PWR,0.00042648036710952276,0.0004445914200284044,"[0.06835558 0.08271538 0.1062758  0.12196134 0.11055261 0.09337416
 0.10894521 0.10460717 0.10220734 0.10100532]",-1.5967824817290504,3.0788039636324935
CVX,0.00030534707836252825,0.00023291457855239154,"[0.07136261 0.10352958 0.09129513 0.08198231 0.10805631 0.12008671
 0.11185922 0.08253739 0.14499992 0.08429086]",-6.233352184464153,38.84101175047414
SBAC,0.00046862269845818156,0.000360855216645702,"[0.07615303 0.10173889 0.09980606 0.09266544 0.10633099 0.10331884
 0.09985017 0.10135988 0.12026373 0.09851296]",-1.4499182480625477,5.4298831361602895
LH,0.0002541194757691173,0.0003144302118979845,"[0.09070536 0.0896176  0.10212227 0.10619933 0.09570727 0.08703116
 0.0987685  0.08910459 0.13725771 0.1034862 ]",-1.036245098185982,1.8954419268185678
ORCL,0.0004702242832387638,0.0007764571576845101,"[0.09610117 0.0828051  0.09483025 0.09152713 0.08633567 0.10559853
 0.13259354 0.10412112 0.10323804 0.10284945]",-1.4648687898915922,1.8549355634593643
EMN,0.0004387467622357153,0.0003724828829402317,"[0.07031355 0.0775678  0.09525478 0.10152335 0.10074656 0.09702197
 0.10312957 0.11895222 0.12948364 0.1060066 ]",-1.0336138578310266,1.766898165195757
BIIB,0.0003059552148358701,0.00027771356894886335,"[0.0990399  0.08428337 0.09614506 0.07997727 0.11326148 0.101495
 0.10424783 0.09015226 0.13605449 0.09534341]",-1.60004362729724,3.0225311817780693
RL,0.0004296782888965895,0.0003890601535262927,"[0.08328886 0.10020877 0.09824056 0.0975418  0.10767787 0.09147832
 0.09888818 0.11407102 0.10902674 0.09957787]",-0.6186573474849805,0.9693689543311296
MHK,0.0007895054003281938,0.0007496290576409139,"[0.06802552 0.08819223 0.10001773 0.08783498 0.08549434 0.08564908
 0.11099761 0.11881568 0.14338982 0.11158304]",-1.5184385045913449,2.6458881733132835
KMX,0.0009871775156229,0.0009733313840876417,"[0.06991991 0.08603581 0.09432382 0.11386018 0.08348665 0.12718685
 0.11173061 0.09540913 0.10508095 0.11296613]",-0.7889615583068202,1.1456345018174763
SWKS,0.0005596233499204322,0.0005290823477646338,"[0.06215059 0.09059782 0.09760517 0.09475889 0.12624268 0.10366666
 0.11753229 0.09917091 0.11038573 0.09788918]",-1.053503011064583,2.4646788369543517
MCK,0.0002173866842076418,0.0001872619516052964,"[0.0647196  0.08253355 0.12375277 0.08964009 0.129543   0.11428098
 0.09896245 0.09821163 0.10983071 0.08852512]",-1.2366478180201377,1.6271611830406818
UHS,0.0004608853632061037,0.000620492143194762,"[0.07597332 0.09973612 0.08828089 0.09971543 0.12524097 0.09355861
 0.10881074 0.09465954 0.10194316 0.11208116]",-1.9739220153492947,3.506663820920052
DTE,0.00022266733769772223,0.0001807070870546154,"[0.07685443 0.07749657 0.11978049 0.1229628  0.11585669 0.08085135
 0.11326478 0.09844135 0.09404702 0.10044453]",-1.3557957700605487,3.433719955892444
NEE,0.0005343587211798417,0.001495484998510569,"[0.08034839 0.07222511 0.12982795 0.10004827 0.10416873 0.11696689
 0.09858608 0.10093085 0.10501514 0.09188254]",-1.9061036390705677,4.467368902443146
KIM,0.0003681272072885999,0.00034933876813913567,"[0.0668935  0.07871429 0.08769003 0.09628373 0.12779291 0.09142902
 0.10021822 0.14613125 0.10900611 0.09584101]",-1.0809910169438974,4.0712052156597585
RVTY,0.0005407031841157735,0.0007158513831542919,"[0.06585708 0.09323375 0.10082692 0.09687699 0.09419055 0.1000907
 0.11985295 0.11003525 0.11742751 0.10160832]",-1.5736246814561912,4.475748760148257
DLTR,0.0005337671990194343,0.0006621952016718505,"[0.07832251 0.09424035 0.0875296  0.11621753 0.10408391 0.08727448
 0.13788305 0.08746915 0.1042769  0.10270255]",-1.571252948403409,2.2494385591091475
XEL,0.00021988079713368807,0.00018015616846769718,"[0.08184981 0.08642077 0.10696697 0.1078913  0.10904753 0.12886377
 0.1056006  0.07346878 0.09540581 0.10448459]",-1.297954732076292,3.9391220094671056
STLD,0.0007586041592236538,0.0006890880255125742,"[0.07840763 0.09291476 0.1153207  0.09945882 0.09602222 0.11119188
 0.09593206 0.09684098 0.10632136 0.10758964]",-1.6749686812720446,2.838983948020961
HUM,0.00041639701746376014,0.0004649057342980579,"[0.09352702 0.08528064 0.11057872 0.10871499 0.1079459  0.10005804
 0.10093456 0.10666752 0.09188349 0.0944091 ]",-2.732609113105495,5.522507013914649
DAL,0.0004735252496152005,0.0003266714311126997,"[0.05669997 0.07142913 0.08092837 0.1007681  0.10236327 0.16727175
 0.11434121 0.1075417  0.0853958  0.11326075]",-1.1217627300836752,1.7196684046890702
PSA,0.0003352342725936142,0.0005000250879463639,"[0.06877342 0.08724766 0.08757228 0.12215329 0.10152692 0.11224305
 0.12254918 0.09241833 0.09859233 0.10692353]",-0.7994455040269725,1.1671746851697473
DECK,0.0005968848235163907,0.0009143716330715627,"[0.07279126 0.08353026 0.08879004 0.09348843 0.11513902 0.10099228
 0.11321762 0.1106849  0.11337748 0.1079887 ]",-1.2461537528543112,1.625350437784163
WRB,0.0002921859576917325,0.0003091884672555506,"[0.08127303 0.1008518  0.10718364 0.10934262 0.1110547  0.08945413
 0.12284543 0.0824856  0.09808329 0.09742577]",-2.4557794596713163,8.622970984035584
LUV,0.0004743614115640185,0.00034372823451611444,"[0.06588354 0.08573894 0.10274733 0.09800535 0.10757034 0.09524865
 0.1126978  0.10328143 0.10700529 0.12182122]",-1.292626892122403,2.472306544216673
LDOS,0.0003214493613502902,0.0006224621451659798,"[0.07612648 0.09515619 0.08735918 0.10888533 0.10811672 0.11330887
 0.10420174 0.11101242 0.09580004 0.10003304]",-2.5197927098579203,8.668108829835584
COP,0.0005027852841425502,0.0004230657443110251,"[0.07487489 0.0827872  0.11238873 0.10592031 0.12921035 0.11039747
 0.08009391 0.08895719 0.11418024 0.10118971]",-1.2515707488143444,1.7049346619273718
ED,0.00018569669498577315,0.00017671857605058286,"[0.0767542  0.09955878 0.08354039 0.09752248 0.10094056 0.12643681
 0.09583383 0.10996098 0.08479209 0.12465988]",-1.5897839856113,3.3954305288845736
LIN,0.0002223776441505982,0.00021131767304766337,"[0.07411294 0.08143232 0.09216347 0.11607319 0.10719739 0.11169285
 0.11851773 0.10282133 0.10151626 0.09447256]",-1.5908196025177168,4.348512136602349
IBM,0.00018328779566488475,0.00015980839850974528,"[0.086538   0.07816484 0.09723452 0.09344562 0.10339723 0.09870695
 0.12723866 0.10369257 0.09973785 0.11184378]",-1.777975701851557,4.327726085527295
STZ,0.00025924560171647007,0.0003155707370618167,"[0.07506747 0.09882949 0.09351709 0.10245883 0.08469278 0.14310972
 0.10816    0.09034569 0.11150131 0.0923176 ]",-3.7038191927885493,18.99674210814306
MCO,0.0003333421734801223,0.0004306845125796928,"[0.0676017  0.09292199 0.14160638 0.11467016 0.10099171 0.10517109
 0.08724946 0.09655924 0.09955537 0.09367286]",-1.4005171995166963,4.334348081875084
CPRT,0.00031732156140041137,0.00030318860122928324,"[0.07379352 0.08029541 0.10543938 0.11674978 0.0919952  0.13459769
 0.09155877 0.11700718 0.09618118 0.09238187]",-2.6109903743724074,9.061032133208249
HSY,0.00019190215636247354,0.00012876317319568723,"[0.09175073 0.09925995 0.1007933  0.09279043 0.14393568 0.08371291
 0.09164865 0.1147253  0.08213185 0.09925118]",-3.4434802412288152,14.262477186736714
CNC,0.0003932626536433883,0.0004175487286169645,"[0.07818662 0.1233084  0.09590027 0.10566198 0.09650377 0.08450403
 0.09635241 0.11609946 0.10729771 0.09618537]",-1.4840868672057546,2.8421825423407303
PCAR,0.0002756199274954384,0.00031345772064523213,"[0.07933037 0.08521286 0.10207055 0.10046803 0.10119496 0.10869412
 0.09670598 0.10852651 0.11124554 0.10655109]",-1.1695615696619854,2.124565190880963
C,0.00032510813696300453,0.0003998428443327936,"[0.06278055 0.08006749 0.11809152 0.12214644 0.09450559 0.0856365
 0.12234026 0.09366661 0.11148104 0.10928406]",-0.9022843369376563,1.2446182151003353
DRI,0.0002174865783588244,0.00016906119941821507,"[0.06471997 0.07395338 0.06128836 0.1347474  0.0713343  0.10216706
 0.07520321 0.15055129 0.14755403 0.11848105]",-2.383013208530505,5.341617105183022
EXR,0.0006454368036212667,0.0007557956223606366,"[0.07658306 0.09389691 0.09377398 0.09831209 0.11416392 0.08525921
 0.11910503 0.10316712 0.10545766 0.11028098]",-1.7113361676484102,3.4911860781470385
TSCO,0.00041581068167600684,0.0004945645066727722,"[0.07158694 0.07516338 0.09306336 0.08848702 0.1061104  0.10775599
 0.11543718 0.11586464 0.1129933  0.1135378 ]",-1.9375095999177616,3.5851050861892246
PG,0.00012063705335931345,8.576348031306474e-05,"[0.08748443 0.09102377 0.11059174 0.10973349 0.10338625 0.08922075
 0.09269288 0.11949974 0.09884035 0.09752656]",-1.8161364489551848,4.869836421383776
WY,0.0002963980794571572,0.00029869309827514745,"[0.0581831  0.07053886 0.09473081 0.12648787 0.1235601  0.10235143
 0.09341076 0.08849086 0.08305069 0.15919553]",-1.0138486952255348,2.04589596993923
LYV,0.0005846604240371188,0.0007385824920886136,"[0.06491543 0.07423397 0.08897695 0.09481804 0.11241273 0.11235278
 0.11194569 0.09420153 0.12814212 0.11800072]",-2.3680992895115884,5.593184578987805
JBL,0.000655514267619705,0.0009644245731076559,"[0.07477223 0.09643041 0.08798566 0.09034526 0.09736454 0.13820988
 0.09276772 0.10527899 0.12008394 0.09676135]",-1.6158154024564195,2.0149941177484645
CL,0.0001321331644361662,0.00011631632813762553,"[0.07518456 0.07847244 0.09794384 0.12514603 0.1190891  0.11299957
 0.09584023 0.10314499 0.08832316 0.10385603]",-1.0261627800484825,1.6514896440431561
ZBH,0.0002621670316456198,0.00022437160883141558,"[0.06647799 0.08901633 0.10734297 0.11434325 0.09783337 0.10347737
 0.1198852  0.10108771 0.09555309 0.10498279]",-2.1323515560656796,3.2800331268136387
AOS,0.0004107322881370434,0.0005971369537163994,"[0.07805202 0.08170599 0.1027896  0.09771217 0.10862517 0.11203456
 0.10593421 0.09686564 0.10838974 0.10789086]",-1.596449902770667,3.3182576918341837
ROL,0.00037476473124596724,0.0004870615392125099,"[0.06549649 0.08450596 0.10672659 0.10103877 0.09247829 0.1099852
 0.10278425 0.11045472 0.10947184 0.11705787]",-2.5284000469146357,3.970318324821814
EXC,0.00025489187602780025,0.0003004142518080844,"[0.06024089 0.09040689 0.14281015 0.07817895 0.11988157 0.08720131
 0.14667097 0.0979204  0.09178101 0.08490783]",-1.5176981117653376,2.7715431634693917
UNP,0.00028565331448553367,0.0004063504550863796,"[0.08986855 0.09380893 0.09722783 0.09342307 0.11700611 0.10594089
 0.10906186 0.09583434 0.08961212 0.10821639]",-1.1567066169679603,1.8848035153119085
HST,0.0003918037410205178,0.00029365400284818373,"[0.0822764  0.086018   0.10680152 0.11528444 0.07950845 0.10775801
 0.10497357 0.08636797 0.11880225 0.11220939]",-0.570366089438017,0.9876188846967552
ITW,0.0002263752781383645,0.0001707373983027895,"[0.07684653 0.08357408 0.11577668 0.1254343  0.10936207 0.08933953
 0.09303447 0.09848312 0.09818181 0.1099674 ]",-1.6415690723352634,3.9599801942256536
BBY,0.00046691787570724756,0.0005715554914673303,"[0.0664942  0.08170795 0.08481468 0.11424531 0.10051887 0.12976708
 0.10451244 0.12706316 0.10697168 0.08390466]",-0.8205623971097793,1.3478344736609238
LNT,0.0002610259087418897,0.00035124614998606116,"[0.08964766 0.08795288 0.08471365 0.13015592 0.118169   0.07521711
 0.09531469 0.10081727 0.10178892 0.11622292]",-0.8806693169441865,1.397595685743792
FI,0.0002773016686974349,0.0003098306440714243,"[0.09285112 0.07198098 0.09666917 0.12788759 0.09191925 0.12097768
 0.11026376 0.08339711 0.1088163  0.09523698]",-1.3332704223601826,1.7251558016825523
FFIV,0.00034424130577811617,0.00041497235589446174,"[0.07326699 0.09175333 0.10028125 0.08920789 0.09926626 0.10776509
 0.11833093 0.10258818 0.09863031 0.11890981]",-1.31871265100701,3.290102319002962
BAX,0.0006792505455808926,0.0008208402096245147,"[0.08177012 0.09890974 0.09711998 0.08143265 0.09474842 0.10110763
 0.11444725 0.09731297 0.12589745 0.10725372]",-4.665622238499698,15.414171135723507
ICE,0.00020979383824944254,0.0002100128385448352,"[0.08050228 0.08076562 0.09943082 0.11318249 0.08978319 0.07826531
 0.11634517 0.11512628 0.11850263 0.1080962 ]",-0.8219694056729671,1.1691789593792452
BDX,0.00029062421320754354,0.0003753703390142038,"[0.07668451 0.0820061  0.10129818 0.11013622 0.1037973  0.11209565
 0.10025378 0.11946525 0.09806811 0.09619489]",-1.838852735774424,2.2338966126562343
CPB,0.00026320936832825687,0.00029596699791162767,"[0.08265679 0.10665766 0.09977549 0.08901219 0.09964491 0.1016347
 0.10375366 0.11650202 0.10027878 0.10008378]",-1.626115073453106,3.720533192973388
^GSPC,0.00012200688048100306,0.00011310830463773534,"[0.06066433 0.07614574 0.11012173 0.09799577 0.09972815 0.11622088
 0.17010877 0.08862939 0.07175529 0.1086299 ]",-0.8275616006185985,1.193009845599263
EMR,0.00025511675495846597,0.00022686508075508383,"[0.07994681 0.07632002 0.09644691 0.10484798 0.1031486  0.11630784
 0.10281056 0.09016087 0.11137649 0.11863393]",-0.9359321847674651,1.826527745408092
JNPR,0.0004608751808354603,0.0012237078042638264,"[0.0730856  0.09369239 0.09989465 0.09163672 0.10252138 0.10563764
 0.12853318 0.1028007  0.10769421 0.09450355]",-1.1483513929409648,2.013717917469592
WAT,0.00047999262936834715,0.00040017056778564086,"[0.07555456 0.08409926 0.07911746 0.09031878 0.09934992 0.10905966
 0.11864674 0.11724395 0.11009139 0.11651831]",-0.8655227280557561,1.385861655953138
ECL,0.00032469474756896294,0.0005438129375916483,"[0.06485543 0.0823481  0.1035891  0.10016163 0.11403559 0.0919557
 0.10106361 0.10660955 0.15353477 0.08184649]",-0.8747734608181325,1.1023725401277713
SBUX,0.00028864000520685453,0.0004087997154591445,"[0.08512948 0.08904476 0.08692124 0.12765251 0.09954695 0.10271765
 0.09826431 0.0893713  0.11498905 0.10636269]",-1.1528932771041924,1.6977341143972886
LKQ,0.00026397133520521563,0.00022114733682120275,"[0.09276807 0.09042449 0.10264898 0.0934064  0.11663565 0.08946889
 0.1062369  0.08824162 0.12135982 0.09880916]",-1.3523330778467073,2.2901952120483617
CI,0.0004318537676390262,0.000769751832580885,"[0.06814012 0.09297635 0.10622077 0.09669754 0.10844485 0.11268824
 0.10397583 0.11229339 0.1044042  0.09415884]",-2.542080747906171,5.256488959273423
HON,0.00021295094797962075,0.00016928639089989144,"[0.06558859 0.09266932 0.09724473 0.09659681 0.09585054 0.09856696
 0.10935312 0.12243105 0.13108522 0.09061368]",-1.4960573197549405,2.352945904061207
SO,0.00021502484312320303,0.0002574652589552704,"[0.06656396 0.08311161 0.08491315 0.1730383  0.07990329 0.07525647
 0.13980302 0.09012607 0.1283587  0.07892533]",-1.35327763271596,2.822502041093756
ORLY,0.000241297437373475,0.00023069229292554307,"[0.07585935 0.1122316  0.09120273 0.09788544 0.09630348 0.12438838
 0.09813143 0.08821743 0.11406297 0.10171723]",-2.0924295736121548,4.41027128942076
WTW,0.00026052555093963577,0.00037109455031941215,"[0.07292508 0.09613258 0.09788828 0.10355113 0.10353743 0.10276682
 0.13285282 0.09870709 0.09958428 0.09205448]",-1.4928395556696206,2.4741025294254833
RTX,0.0002815089032818076,0.0003531243199250015,"[0.09690869 0.07694134 0.10156063 0.07744325 0.1008627  0.11138967
 0.08821733 0.14092802 0.09909254 0.1066559 ]",-1.4598750664611515,2.583083849369337
SYK,0.0003079757067172591,0.0003294128904062393,"[0.07616533 0.07561488 0.1393456  0.10377918 0.10864627 0.11042023
 0.09251162 0.09391487 0.11036307 0.0892389 ]",-1.475251987710995,2.9372047812533335
HBAN,0.0006434240199398299,0.001046154994040342,"[0.06097078 0.08222768 0.10482059 0.13931648 0.10148261 0.09942132
 0.11424796 0.09584682 0.11305495 0.08861084]",-1.1776622381523238,2.004745950235119
F,0.0005859815800241678,0.0005106974311712583,"[0.0715666  0.08696121 0.09240832 0.08272507 0.10909881 0.09790422
 0.11265252 0.13149682 0.10834392 0.10684245]",-0.8731055526212109,1.3774140657964762
TMUS,0.00021970052477408153,0.00022926133854863902,"[0.06987379 0.09723334 0.10108715 0.083288   0.10010351 0.10593209
 0.10687286 0.09615181 0.15101513 0.08844237]",-3.933285328246838,17.92248031755024
ADI,0.00044772630715537103,0.0003534391036002917,"[0.07985646 0.07972892 0.1011918  0.09757484 0.1277922  0.11016685
 0.09675302 0.09334306 0.11634861 0.09724424]",-1.111765999807851,1.4916267467048456
BEN,0.00042181802566093195,0.00046848568402977145,"[0.07097519 0.07500413 0.11887556 0.10921464 0.11048272 0.10599255
 0.10245542 0.11074936 0.09043832 0.10581204]",-0.8647323983600986,2.1373960607253624
XOM,0.00035870388020343107,0.0002256676198918152,"[0.07495913 0.07972661 0.11033262 0.11296565 0.10253557 0.09156418
 0.10406591 0.12249929 0.07829337 0.12305769]",-1.5226776202191938,2.5484323127664203
FE,0.0002290057194010976,0.00019298637839885508,"[0.08618113 0.09155811 0.14860536 0.12114468 0.10283342 0.08451105
 0.08235369 0.09198426 0.08698963 0.10383863]",-0.9573408040036961,1.2617012002400052
PRU,0.00032896588557842783,0.0003430585704093769,"[0.07005421 0.07249926 0.10748875 0.12567002 0.11577452 0.08357313
 0.11485256 0.08733094 0.11642098 0.10633571]",-0.9843381649575477,1.5721314301471387
EBAY,0.0004463408297428317,0.0005021143126247859,"[0.06155763 0.08024459 0.10133355 0.09781798 0.10413451 0.10838966
 0.10959469 0.11819893 0.10650514 0.1122233 ]",-1.1532464364926418,2.2616770366128294
ELV,0.00029674522806095045,0.0002661905774122763,"[0.0715134  0.10934027 0.09190609 0.09953138 0.09751639 0.08748079
 0.11855788 0.10710175 0.10823742 0.10881464]",-1.3619857445883756,2.3046068804082953
GWW,0.00035430449621595667,0.0004377449187134118,"[0.06897186 0.08583004 0.10912631 0.10060275 0.1171945  0.10531097
 0.1109827  0.0958188  0.09025612 0.11590596]",-1.5605994078228729,1.93016067362764
DVN,0.0007209371762872109,0.0007210838254149352,"[0.07390925 0.09464961 0.10978325 0.09164453 0.09571012 0.10010352
 0.11265749 0.09335291 0.11584105 0.11234821]",-2.6841332565440292,11.734386085623965
BKNG,0.0004633806271302765,0.00037920579748788354,"[0.06135418 0.0861662  0.08965379 0.10178665 0.09959334 0.10543843
 0.13895449 0.09129716 0.12876011 0.0969956 ]",-1.8317401253572103,2.977806223991774
CSGP,0.0004080238863002455,0.0003895463084505778,"[0.06770683 0.08662516 0.119988   0.11095303 0.11399771 0.09275991
 0.11132861 0.0860758  0.09208513 0.11847977]",-1.3567700842466526,2.2187504451159974
ACGL,0.0004339054772928839,0.0006767406993565351,"[0.05909042 0.10599083 0.10620369 0.11628042 0.1145023  0.08578219
 0.09775189 0.09650011 0.12651479 0.09138326]",-1.1597032067868474,1.5729827384269082
CPT,0.00030970615434224415,0.00028285205123116075,"[0.07427312 0.11930496 0.10601683 0.10272908 0.0965468  0.11798529
 0.098756   0.08812774 0.09237555 0.10388455]",-1.4305342134150518,3.1573126310256088
TTWO,0.00047423805125428373,0.0007398883112586531,"[0.07286818 0.09015606 0.09597157 0.10480823 0.10446524 0.10050621
 0.10494534 0.11504786 0.09931258 0.11191873]",-1.2563860305205543,2.6943530367820507
L,0.0001773648445708394,0.00015627421471653023,"[0.0888565  0.08055392 0.10889918 0.11542768 0.12747553 0.06434727
 0.09658645 0.10544293 0.10057888 0.11183162]",-1.4453517733876664,2.9278996450905885
JPM,0.0002559379955427008,0.0003028925714812287,"[0.05213799 0.07390605 0.13417967 0.10811261 0.12149471 0.10869598
 0.11103053 0.08874724 0.12422173 0.07747352]",-1.7462709775111722,3.5657988314029687
ISRG,0.0005441746955139012,0.0007105668483517773,"[0.06357648 0.08795103 0.09664339 0.09863971 0.08894861 0.10966983
 0.09764917 0.11933307 0.13009025 0.10749843]",-1.161078426729487,1.4900590367856497
MAR,0.00038539748606674295,0.00027919062497154556,"[0.07783408 0.08063774 0.10331437 0.08795425 0.09319723 0.1158407
 0.10601615 0.12845775 0.11084348 0.09590422]",-1.1913174562154945,2.0606334457286986
VRSN,0.00022277228130851716,0.00033903125896413144,"[0.07826866 0.06938624 0.12605469 0.10325409 0.13831912 0.1033164
 0.09919953 0.09057809 0.10239245 0.08923074]",-0.7380918755137437,1.815941256406992
TRMB,0.000610100612478916,0.0008184497188048989,"[0.08208691 0.09058546 0.10349109 0.09072784 0.11607296 0.09249233
 0.0984791  0.09194294 0.10653177 0.12758958]",-0.6265807934804584,0.8857561841424034
CRL,0.000648074183567606,0.0005037057607619787,"[0.08120286 0.07554427 0.1004008  0.11302738 0.10314923 0.1001515
 0.10487098 0.10709453 0.13096079 0.08359764]",-1.1130374439476118,3.27651314788036
AFL,0.00023694255165149553,0.0002809099732455975,"[0.08914802 0.07399506 0.10744426 0.1101745  0.11049738 0.07132457
 0.12524748 0.08018439 0.15326558 0.07871871]",-1.4559833802949769,2.486968542829635
TECH,0.0005812526558646461,0.0004680168984262553,"[0.0788697  0.08128485 0.09826903 0.09732428 0.11410526 0.1161014
 0.11432781 0.10761331 0.11121758 0.08088675]",-0.8012936473835227,1.3731445696079436
CMCSA,0.00032128531938766284,0.00039068002008486505,"[0.07562667 0.11373055 0.08688002 0.08892219 0.12279644 0.11495949
 0.09637968 0.09634224 0.10824014 0.09612265]",-1.3754029573287523,2.368728065498817
BWA,0.0004985139544711006,0.0006057483597961659,"[0.06331853 0.09103955 0.08863775 0.08269304 0.10988506 0.10503057
 0.10660791 0.11776279 0.1168494  0.11817543]",-1.5604974176813984,4.132170605421311
PEP,0.0001557574848267501,0.00015822733572770712,"[0.0820461  0.08251768 0.1331706  0.13006948 0.12707488 0.07982177
 0.10928568 0.09121298 0.08312298 0.08167782]",-1.7552460232129465,2.8687089661871243
CCL,0.001730408837629721,0.0016439087394179343,"[0.07921901 0.08964416 0.08605403 0.11764102 0.09765452 0.09095432
 0.1186446  0.11705993 0.09986081 0.10326763]",-1.206895053843315,1.4881141448748272
NRG,0.0007070293204058988,0.0014308260514866648,"[0.064138   0.09450307 0.09806211 0.07913161 0.10460034 0.11803708
 0.12952119 0.10608748 0.11562329 0.09029581]",-3.0990700916536684,14.799546731814715
CAH,0.00026423226276752946,0.0002500623892542963,"[0.06894577 0.09512799 0.09363673 0.0910133  0.10613125 0.12419112
 0.11001657 0.11813802 0.09352834 0.09927095]",-1.264078210181496,2.276059618941385
DHI,0.00045973688179283653,0.00044384756362715215,"[0.07031073 0.09197653 0.11939614 0.08821349 0.11208571 0.11031608
 0.09900751 0.10457651 0.10417232 0.099945  ]",-0.8012695363220157,1.2711121160107808
UAL,0.0006584040699115123,0.0005266042106207516,"[0.06239709 0.0700618  0.08990429 0.08621272 0.12123255 0.12085331
 0.13110934 0.09235503 0.08782881 0.13804506]",-1.7824483044278971,5.864934701820965
EQT,0.0007779121877311435,0.0006747861865508593,"[0.05920394 0.08388989 0.10116707 0.09447431 0.08763518 0.10610016
 0.11088578 0.10398821 0.11765368 0.13500172]",-0.5477148901428158,0.9083774261059747
AJG,0.00021849676504305009,0.00021791667061597054,"[0.08619514 0.08777811 0.14403057 0.09702802 0.12061324 0.09105121
 0.09038366 0.09727163 0.10133316 0.08431523]",-1.8980605758238953,4.079822449009058
STT,0.000564561725386564,0.0006785172095527169,"[0.07251503 0.07816026 0.08891292 0.13196903 0.08958876 0.09233369
 0.09834423 0.0942721  0.12507561 0.12882832]",-2.1244915626509924,6.252985735930831
ODFL,0.0005968134238148032,0.0006624169667560484,"[0.07760556 0.08784462 0.09728445 0.09400127 0.10922111 0.09797089
 0.09987688 0.09445608 0.11595502 0.12578416]",-2.6900645533992633,10.820528323290782
SJM,0.00019639382819325166,0.00014499522491572954,"[0.07366025 0.090597   0.09741853 0.10856    0.09866329 0.11551423
 0.12018819 0.09150966 0.09230043 0.1115884 ]",-2.1026296638273974,3.918332099447392
ALB,0.0012643526581354514,0.001074619440706152,"[0.06496824 0.10290647 0.08926717 0.09922317 0.1016685  0.11279631
 0.12004647 0.09686071 0.10041489 0.11184805]",-1.2880889641785016,2.0434288099727893
EVRG,0.0003202357507813207,0.0004403763625859505,"[0.07385942 0.09535917 0.11402058 0.15404187 0.10961561 0.06698637
 0.1159252  0.08381506 0.09306284 0.09331391]",-1.833352636645035,4.490506298846013
JNJ,0.00015877159198609373,0.00022304293294511364,"[0.08137599 0.0715274  0.10356755 0.14387834 0.10623901 0.10174341
 0.10888603 0.10302538 0.08305663 0.09670027]",-1.9710759218812808,6.069433890416211
TT,0.000378746488070053,0.00042488962088788073,"[0.07196636 0.09025794 0.11004129 0.10014099 0.11097183 0.1107576
 0.10169176 0.1038729  0.10456895 0.09573034]",-1.8612849123043034,5.2274718100909405
MOH,0.0004437814787941598,0.00037372080798201936,"[0.08661287 0.09227736 0.09993684 0.12315772 0.12210306 0.10382389
 0.09465004 0.0811073  0.09994646 0.09638446]",-3.430845522355993,12.24489666567662
MCHP,0.0006744195014887026,0.0006440223402551773,"[0.07530327 0.07417484 0.0935661  0.0966951  0.12604442 0.08014551
 0.13046108 0.13306616 0.09398945 0.09655409]",-0.8180242444741477,1.5646092385095498
OXY,0.00044231509514487915,0.00042419200746031177,"[0.06493863 0.09058823 0.09729722 0.1047411  0.11039558 0.094175
 0.08616122 0.09574813 0.09690509 0.15904973]",-0.6591383666051057,0.9084508693969358
UNH,0.00023782484895594504,0.00022177803310557178,"[0.07761183 0.08709512 0.09969404 0.10629515 0.10314196 0.09000434
 0.10043689 0.11041439 0.10337104 0.12193526]",-1.3885934877628594,2.2700092564067713
EW,0.0005133846066037564,0.0009428923272238221,"[0.08525626 0.08672918 0.09842675 0.09353527 0.09606476 0.10314162
 0.10873267 0.09885392 0.12475381 0.10450578]",-1.3935166779055488,2.0532635516505664
FTNT,0.0011238794803421711,0.0019556908161014797,"[0.08665668 0.08191793 0.09536872 0.09829659 0.10822196 0.08452728
 0.09713762 0.11588655 0.12812337 0.10386329]",-2.740765149649948,4.769203227454955
COR,0.00019966862327569265,0.0001923288773262899,"[0.06780442 0.10732531 0.08937306 0.10810893 0.10920909 0.09569971
 0.10061303 0.09207567 0.11597691 0.11381388]",-1.6102245993085282,2.202222089839065
MLM,0.0004003033250530101,0.00035627948230169596,"[0.06429071 0.08233612 0.12264935 0.10617432 0.10091825 0.10031042
 0.10942946 0.08275394 0.1201638  0.11097358]",-1.2798387873120873,1.6281838546701344
CHD,0.0002089512571179978,0.0001946221045467656,"[0.08034298 0.09846237 0.11478625 0.08918235 0.10851663 0.10080343
 0.12347859 0.0881413  0.09413791 0.10214818]",-1.5364045253455654,1.921297805318412
SHW,0.00037401572676418155,0.0003912053170872047,"[0.07568268 0.09396863 0.10425889 0.10537828 0.09886627 0.1044363
 0.12618202 0.1035855  0.09618245 0.09145896]",-1.1529824931204065,2.098007059725491
V,0.00018090900357066252,0.00022457029090535986,"[0.07131101 0.07680661 0.1166293  0.09247624 0.11760502 0.09326312
 0.11722735 0.08288403 0.12428925 0.10750797]",-0.890305238095439,0.9385384539865499
IT,0.0003741856693312329,0.0005752054941819035,"[0.07304718 0.08480161 0.12037228 0.1023844  0.10657881 0.10757617
 0.11097534 0.09743539 0.09696442 0.09986435]",-1.56145715247084,3.6278578353658264
GILD,0.00028860234513699326,0.0005313772792454163,"[0.06644683 0.08112775 0.12014678 0.1077252  0.09418263 0.10464978
 0.11216706 0.09920562 0.12583716 0.08851126]",-1.4816121212655322,2.388505712850294
VZ,0.00026856918430323367,0.0003147005213124284,"[0.07835675 0.09020126 0.11232778 0.09652103 0.10111109 0.09924333
 0.10993755 0.10277446 0.10474349 0.10478326]",-1.8578032981593242,3.951148484333762
AIZ,0.0005094622325732091,0.0006772675734658721,"[0.07460378 0.074334   0.14219218 0.08910055 0.11955629 0.090402
 0.11575583 0.10441655 0.09618653 0.09345228]",-2.1192805246898794,4.109431362797818
AON,0.00022911042218840463,0.00022728965060459614,"[0.08858344 0.10660094 0.07965422 0.10822128 0.10689458 0.11038007
 0.09937656 0.10434783 0.09998306 0.09595801]",-1.630156908255954,4.336182092176684
EFX,0.000513506720726506,0.0005644986046514048,"[0.08492757 0.08400569 0.09313295 0.09772268 0.1040193  0.10172442
 0.10231448 0.0970176  0.13253276 0.10260254]",-1.0203764036695844,1.5442917724112692
AKAM,0.0003358400175513161,0.000448603965036545,"[0.07934864 0.10274029 0.0933571  0.07774368 0.08952645 0.1106125
 0.12031762 0.11216533 0.11758599 0.09660236]",-2.185399032389813,3.9574842411063895
EXPD,0.00030560662390048134,0.00029166744908941,"[0.06805354 0.1025919  0.10974665 0.10724349 0.09530383 0.10873195
 0.10157808 0.09661067 0.10893397 0.10120587]",-3.3684643371497134,15.673295861375895
MAS,0.0004829259366750881,0.0005005226744418942,"[0.06425522 0.07308551 0.10974162 0.09673327 0.09795365 0.12131502
 0.11372487 0.11628979 0.09726079 0.10964018]",-0.9611393290294274,1.5827785795461926
TMO,0.00036843815576896897,0.0003664621004722917,"[0.06941349 0.0877972  0.11385206 0.08768404 0.09662371 0.11352319
 0.0948448  0.11614186 0.11199398 0.10812562]",-1.480155539872822,3.2069691376284957
PARA,0.0017876696362625207,0.0023960766499442885,"[0.08354902 0.09115081 0.09813821 0.09947248 0.09569908 0.08517057
 0.12488302 0.11151703 0.10670322 0.10371653]",-1.1011503342163291,1.5487227872557652
STX,0.0006861478188239774,0.0007253711519940531,"[0.07004904 0.08909808 0.11248779 0.09351338 0.1000466  0.11391576
 0.10873716 0.10433201 0.09601461 0.11180551]",-0.8401763575356486,1.3353575934290027
EQIX,0.0003459133895898333,0.0002553865146680013,"[0.07745923 0.0968423  0.10010974 0.10112521 0.10072088 0.10948012
 0.10468439 0.10238296 0.1077153  0.09947986]",-1.0447100923169141,1.459565985011101
CNP,0.00025066672779417386,0.00034641522646853043,"[0.09718051 0.09505534 0.10406653 0.13667507 0.09659481 0.08563137
 0.128552   0.07740859 0.08859149 0.09024427]",-1.3236795909235282,1.734804992468996
PPG,0.00033735393400446517,0.000375286330670922,"[0.07030147 0.08151165 0.09415731 0.10926801 0.10407519 0.10093878
 0.11264981 0.10268687 0.11571231 0.10869858]",-1.1073552721208988,2.2028754315361527
ETR,0.00023624514048237562,0.00020739937052018085,"[0.07252684 0.1127646  0.08509615 0.09119011 0.12739319 0.10360415
 0.12662476 0.09745637 0.08826178 0.09508212]",-0.8446675846276461,1.3447081847300406
COF,0.0006684817473371946,0.000867411515753829,"[0.07149406 0.09298149 0.09990652 0.11131457 0.10748757 0.10866386
 0.11864114 0.08458909 0.09218358 0.11273813]",-1.2546382099728766,2.446839243780059
JCI,0.0003765390423070612,0.0003556851463882757,"[0.07340456 0.08761167 0.09418927 0.10796817 0.10493029 0.10336642
 0.10306797 0.10638819 0.1211055  0.09796788]",-2.059417360030033,4.5757318877047854
CSCO,0.00023938915949161318,0.00032332396625808167,"[0.08581936 0.07588764 0.10084409 0.09115787 0.12605755 0.09498353
 0.11229856 0.11105926 0.10338528 0.0985069 ]",-1.5111794522943576,4.140060727659243
CINF,0.00036987690417475877,0.00041058354773927213,"[0.06951246 0.07630035 0.09496748 0.12403196 0.10943545 0.09215392
 0.1014752  0.10182801 0.08435944 0.14593573]",-1.1431305913602319,1.6082874546569736
KO,0.00012185509715620493,0.00015887971313505576,"[0.07105733 0.08169368 0.08769228 0.10453007 0.11283334 0.09112848
 0.11173097 0.10118213 0.11907544 0.11907625]",-2.0293782674874072,4.913454443643772
PNC,0.0004963028018911958,0.00040796725096684346,"[0.0759268  0.06773652 0.13750246 0.10317    0.11192605 0.08605888
 0.13629128 0.09317517 0.08641292 0.10179991]",-1.82576702288141,5.8333011224632765
OKE,0.00032730634578640496,0.0003017823778864457,"[0.07413901 0.0821787  0.13810709 0.08595788 0.08593167 0.11155289
 0.11360145 0.07570365 0.13841434 0.09441338]",-1.7518148460352865,5.277402037168733
RF,0.0007281913961862894,0.0009726502747265893,"[0.07910343 0.082415   0.09545701 0.12756209 0.09137988 0.10430955
 0.11023074 0.09875248 0.11772542 0.09306442]",-2.206463770595077,9.948371353629105
HOLX,0.0002680945133598197,0.00035605940294369955,"[0.08234653 0.08344268 0.09372897 0.0972814  0.09719106 0.10205933
 0.11898684 0.09223807 0.10823405 0.12449109]",-1.2207339556604053,1.954433365886529
LVS,0.0005962648709797957,0.0005012476353785584,"[0.06877624 0.09630469 0.09312706 0.09449519 0.10448163 0.10082408
 0.11872973 0.12444132 0.10400207 0.09481803]",-1.1254665063708227,1.555224803776771
ADP,0.00024817274801330273,0.00031663045414877586,"[0.08040618 0.10885295 0.09276184 0.09544611 0.12599441 0.10275292
 0.1065006  0.07566592 0.10985046 0.10176856]",-1.2781526290860723,3.3432151427088717
PEG,0.00022727113533882345,0.00022103221350415513,"[0.08357783 0.08053327 0.1203589  0.09123337 0.08547001 0.09332151
 0.10483842 0.11407193 0.12162024 0.10497458]",-1.377055142734121,2.6202815863992415
SPG,0.00036583386796728494,0.0003450466907020103,"[0.07157987 0.07999867 0.11056084 0.14936018 0.10424202 0.0740016
 0.13301046 0.076943   0.1023266  0.09797671]",-0.9952957573738064,1.4340065710517498
GL,0.0001700056613419299,0.0001379624676563336,"[0.0670228  0.06797244 0.11378358 0.11737341 0.14482711 0.09793673
 0.09494468 0.09324382 0.09693531 0.10596009]",-1.3341530759594253,3.259128677786232
MA,0.00025217703934520393,0.0003619462884298594,"[0.06229699 0.0822628  0.09247312 0.09721784 0.12568249 0.09584498
 0.11241755 0.12817249 0.10340448 0.10022729]",-1.499881825744325,3.4237032446891273
MKC,0.00038533052178956866,0.0006441511993060089,"[0.08585817 0.09559584 0.09150629 0.09222649 0.1181685  0.09765883
 0.10453422 0.10835928 0.1057714  0.10032099]",-1.9782829248142435,3.4037142253003694
NOC,0.00034608854474925567,0.0005080399933689446,"[0.06616576 0.09856925 0.09440345 0.09870675 0.12838572 0.09782529
 0.09517313 0.10055599 0.11821782 0.10199686]",-1.6637485957607032,2.962326260775208
AMZN,0.0006975046884522117,0.0007307194090411325,"[0.07298809 0.09621935 0.08318362 0.10261451 0.098875   0.10170048
 0.1159327  0.11115914 0.11041345 0.1069138 ]",-0.8575362392717812,1.1399083852044027
IP,0.0003533745069489668,0.00039689857171390524,"[0.07426168 0.08815222 0.08869073 0.10535449 0.09431478 0.12897217
 0.13086715 0.10686114 0.10231094 0.08021477]",-0.9483242210651133,1.6302861134821363
EIX,0.0003144250466772144,0.0003003072453808364,"[0.06307238 0.08271821 0.13952664 0.08728994 0.08745268 0.0807092
 0.12810102 0.12607333 0.08876164 0.11629495]",-1.3319010052916311,2.3003264961994145
AVY,0.0003173528905682738,0.00038051208581581344,"[0.08761908 0.0718634  0.09249262 0.1035537  0.11458406 0.12958707
 0.11049276 0.09010687 0.10397935 0.09572113]",-0.8024207542622159,1.2859247216398908
INTC,0.0007861637008921431,0.0007029640546439637,"[0.08922396 0.08012568 0.10111177 0.11105702 0.11089399 0.10562056
 0.10349414 0.10350098 0.10394255 0.09102938]",-0.8685001487674024,1.3137367543775345
BX,0.000809234371307662,0.0008726528486175116,"[0.07393011 0.07708606 0.11098989 0.10766003 0.10168003 0.11127548
 0.10528268 0.10789965 0.10890871 0.09528732]",-0.6762260834408444,0.8451139374403048
AVGO,0.0006245505160229185,0.0006587560327914437,"[0.08282142 0.07485891 0.12571064 0.08155538 0.10861579 0.10558601
 0.11184593 0.1020617  0.10300148 0.10394271]",-1.2393954743307751,1.849928184321993
DFS,0.0005743379170072871,0.0007474041728972411,"[0.05912814 0.0751569  0.09072823 0.10575537 0.08756939 0.11417755
 0.09466755 0.12797268 0.1709418  0.07390232]",-2.054199537134396,6.072530800157628
SYY,0.0001880835962470485,0.00013892892158572643,"[0.06350537 0.10921473 0.07803097 0.08995491 0.1191095  0.0750054
 0.13303143 0.07429583 0.14251019 0.11534172]",-1.2769711619247481,1.7251630594276681
MSI,0.0002454676459157749,0.0002761881265986056,"[0.06818736 0.09980276 0.09700391 0.13111413 0.12328673 0.08754114
 0.10207047 0.10397568 0.09626146 0.09075629]",-1.222637690813327,1.829427106984475
PKG,0.0003160088709228365,0.00038800859580881143,"[0.06697487 0.07999207 0.10955914 0.09180133 0.08511917 0.09957276
 0.11311392 0.131604   0.10670195 0.11556078]",-1.4908823249431762,2.960762727156558
AXP,0.00034627176272933595,0.00044677341926032353,"[0.0895585  0.09187859 0.10213339 0.11852024 0.09909782 0.08703152
 0.11639722 0.0984615  0.09507192 0.10184936]",-1.3792314779692343,3.2713908758579198
AMGN,0.0002606301569207403,0.0002798040708359193,"[0.06627403 0.09014543 0.10485238 0.09150244 0.12586889 0.0828397
 0.10910504 0.10351647 0.09669311 0.12920259]",-1.456788185849971,2.119556867037721
NI,0.00024282049216973957,0.0002419211257944294,"[0.07774071 0.08318762 0.12110287 0.08875635 0.09194919 0.08027513
 0.1532703  0.09660853 0.10919774 0.09791163]",-1.1818173954084386,1.9511001101658623
VMC,0.0003334961168969135,0.00031187359533591354,"[0.06893023 0.08379065 0.1022172  0.09388188 0.09516557 0.10227466
 0.11222497 0.13940006 0.09362762 0.10848718]",-1.5829485912085222,2.2885673478974695
APD,0.0003235858179681807,0.0005243579758923026,"[0.06859517 0.08596929 0.12772954 0.10985938 0.11020243 0.08322839
 0.1005362  0.10034508 0.12647086 0.08706365]",-1.3092829163728918,2.5163697649385934
ON,0.001392632458840913,0.0018733530456203898,"[0.06706364 0.08329488 0.09967303 0.09873995 0.09849715 0.09491654
 0.10751101 0.09445645 0.11939074 0.1364566 ]",-1.6099792504323371,3.466035190874093
WM,0.00015377768242243065,0.00013732012371393286,"[0.08363924 0.08299185 0.11574731 0.10886128 0.10070057 0.12617235
 0.10707785 0.09434205 0.08914637 0.09132105]",-1.9659885926159477,3.564530056605336
TPR,0.0006108779885341639,0.0008646058837928102,"[0.07674795 0.08586242 0.10813091 0.09739689 0.12183444 0.09781285
 0.08723442 0.10790803 0.11500134 0.10207076]",-1.0065914745513591,1.6300866284353017
LEN,0.0004968982407533494,0.0006013583060064473,"[0.06892984 0.08163565 0.09682998 0.12279498 0.10855366 0.11437844
 0.09051447 0.09884348 0.11109564 0.10642377]",-1.0150283027574256,1.4438433835018902
CE,0.0006053584836792685,0.0005670863921110805,"[0.08486172 0.0788802  0.11428998 0.09927636 0.10818885 0.09133848
 0.10536256 0.12096506 0.0988306  0.09800608]",-1.0434080140563113,1.5065271033157213
SPGI,0.0003383484030882537,0.00041851303423877183,"[0.10214217 0.08121088 0.09870479 0.11137245 0.10094051 0.10126161
 0.09604977 0.09899008 0.10242437 0.10690343]",-1.3247069588325655,2.2207027723222397
BR,0.00029650195136648235,0.0003142643709318746,"[0.06377669 0.08442201 0.09556594 0.10106969 0.11334033 0.08737211
 0.11151638 0.1091518  0.09625082 0.13753422]",-1.6106236876092965,2.9609507211249135
BAC,0.0003925648340201838,0.0003325902070497401,"[0.0728237  0.07606303 0.14429079 0.10660581 0.11326216 0.07998587
 0.10097083 0.09403276 0.0995724  0.11239264]",-1.1716100781224084,1.6521021890123397
GD,0.00017141504353237533,0.00022232814424229187,"[0.0732653  0.08971844 0.09570522 0.09751184 0.11571156 0.10402866
 0.11724476 0.09022342 0.11973446 0.09685636]",-0.9877122479811092,1.7522394884414565
UPS,0.0002794943186698083,0.00032837269632797543,"[0.08174563 0.09300627 0.10057794 0.08506711 0.09733038 0.10725182
 0.14981712 0.09394117 0.10404501 0.08721762]",-1.2594246500312463,2.350607918194004
FITB,0.0007207151570406412,0.0011681617376826554,"[0.07702174 0.09368927 0.08499114 0.11241709 0.08617155 0.10523473
 0.13230106 0.10105744 0.09154323 0.11557278]",-1.0915149528021981,2.0162655930787037
MTCH,0.0012987659081833208,0.0013724113567783758,"[0.0732877  0.08430505 0.08338412 0.08608774 0.09604076 0.13213888
 0.09165691 0.13457324 0.11648244 0.10204322]",-1.3567154638031094,2.0608452015047503
ADSK,0.0005350685484394005,0.0006429143363776824,"[0.06864095 0.08552193 0.092097   0.09676586 0.12868218 0.10895418
 0.10403251 0.13360536 0.08451005 0.09718994]",-0.6668691405240945,1.476061951002642
DG,0.000696586526837432,0.001489220813370938,"[0.08379609 0.09038831 0.08781062 0.10428653 0.09507987 0.08857866
 0.1359929  0.09913318 0.10107143 0.11386238]",-1.802292377880077,3.125588947957971
BLK,0.0003409477637585782,0.0007346234989785837,"[0.097209   0.06516059 0.1188052  0.1090112  0.12369743 0.09462755
 0.08971386 0.10511087 0.10081509 0.09584916]",-1.9126999924437253,6.195094970354145
AES,0.0006870585628115182,0.0007630602165758529,"[0.07251411 0.09177413 0.11075281 0.09739842 0.10872951 0.11142448
 0.10483146 0.09407275 0.1230488  0.08545356]",-1.8738247305350235,3.5643271191870745
REGN,0.0002953966442925444,0.0003214187773693916,"[0.07197315 0.09708362 0.10379128 0.09375571 0.09953814 0.09513608
 0.12328737 0.10465267 0.1127867  0.09799527]",-1.1857034773427066,2.0529702600516404
EL,0.0010004720250013917,0.0016418150367293787,"[0.07658181 0.09116049 0.09357722 0.08796915 0.12810066 0.09361712
 0.10693528 0.09872836 0.11937476 0.10395513]",-1.2576365186078702,1.879889144885029
WMB,0.0002451307566987653,0.00017478659756634216,"[0.05679983 0.08775073 0.111035   0.08936175 0.10104714 0.09525172
 0.12263869 0.12782703 0.09733006 0.11095806]",-2.106823543468908,6.299231628764457
HIG,0.00024029932199640756,0.000287245356922351,"[0.09142616 0.07406181 0.13074516 0.07353938 0.11043937 0.10150097
 0.092435   0.12841956 0.11660174 0.08083087]",-1.0860244005477069,2.8387947840974754
AEP,0.00025234011700657857,0.00018139112488410958,"[0.08197258 0.08730155 0.06684835 0.11170169 0.11785602 0.09583192
 0.09393427 0.11714865 0.10137079 0.12603416]",-1.226152790116853,1.698401891809729
AWK,0.0002584985074317359,0.00018856202441166323,"[0.10580239 0.08524504 0.09596189 0.10297105 0.09152783 0.11860909
 0.07391426 0.11527339 0.11464985 0.09604524]",-0.9700360864981642,1.40727815077905
MOS,0.0006901643004126484,0.0005221130077111949,"[0.08069091 0.10122081 0.10207762 0.1051834  0.09717662 0.10230212
 0.10602886 0.10033126 0.10581283 0.09917558]",-1.0119835457606536,1.9056440193684632
BKR,0.0004435925966568813,0.00040367704602607945,"[0.06845441 0.10259835 0.10007738 0.1079818  0.09561852 0.0802099
 0.10305374 0.11254521 0.1136466  0.11581409]",-1.2177742682742567,2.889163718261814
PNR,0.0004431353647567518,0.0004526169593267294,"[0.06990249 0.08732562 0.0935513  0.09882113 0.1584571  0.10754406
 0.09716512 0.09871159 0.1004947  0.0880269 ]",-0.9216040878506755,1.7652996304974131
INCY,0.00032379761851237415,0.0004035100402425396,"[0.07454288 0.09152776 0.08503216 0.10146678 0.10105023 0.10759185
 0.11285202 0.11708497 0.1126786  0.09617275]",-1.0255595653084228,1.8390501844425813
CRM,0.0005733006501177436,0.0005953930902192068,"[0.08016639 0.07912437 0.0959968  0.10601845 0.11278435 0.10260086
 0.11893277 0.10023203 0.10260125 0.10154274]",-1.1445667634821801,2.1813872199164486
AIG,0.0003099393418127862,0.00046881717718060895,"[0.0647468  0.082622   0.09175979 0.1457786  0.10344729 0.09203784
 0.12331112 0.10137785 0.0978265  0.09709223]",-1.1414593782469062,1.5977734132959933
URI,0.0007307867694847602,0.0007443788371090169,"[0.07048336 0.0828885  0.10681052 0.11166942 0.09733031 0.11151361
 0.11858585 0.0942118  0.10128288 0.10522385]",-1.353555810152677,2.9230756686978534
IFF,0.0007547567416137892,0.0015239760083528284,"[0.07710845 0.08700064 0.0871596  0.10526088 0.10494575 0.10589179
 0.09880541 0.12514494 0.09512941 0.11355305]",-2.2267905860566377,6.015004372064677
ULTA,0.00047807705176661257,0.0007341895566939196,"[0.0965029  0.07296579 0.11688285 0.10320649 0.09309862 0.07730231
 0.09290168 0.09802094 0.12426157 0.12485684]",-2.0320862157258675,2.9764786091947304
CMG,0.00037029241494196077,0.0005330971395023965,"[0.07354335 0.08458319 0.08428285 0.09723918 0.09609427 0.08130937
 0.13010786 0.127994   0.11719257 0.10765336]",-1.5458507819148246,2.6803310212273845
D,0.0004173383420333294,0.0005439114178505814,"[0.06944922 0.10161901 0.10321799 0.1400687  0.08699629 0.09039085
 0.12828663 0.10119693 0.08385235 0.09492198]",-1.9732508243202154,3.6610633816048224
SLB,0.0006431654786645876,0.0005635849050342083,"[0.07718159 0.09801367 0.1143541  0.09279529 0.11442671 0.11392704
 0.10129984 0.08490144 0.10217389 0.10092641]",-0.9361218706492366,1.3239800467723974
IPG,0.00043883743194035916,0.0005961804340497306,"[0.07779498 0.08557735 0.09630209 0.10661504 0.10555477 0.09568025
 0.10290372 0.11644886 0.10250553 0.1106175 ]",-1.47332956660732,3.6399201206401006
CMI,0.000286803870176735,0.00026389685877496445,"[0.0799227  0.08508024 0.08921452 0.09529539 0.10199072 0.11380246
 0.1294007  0.09307349 0.12097442 0.09124543]",-0.9623895116352148,1.7719510555809497
EA,0.00022324340394558307,0.000294974766839883,"[0.07461366 0.08543774 0.10006853 0.10898819 0.10888452 0.09641514
 0.1134714  0.10935976 0.11112168 0.09163935]",-1.3752094055214616,2.404453257210707
MSCI,0.0005393595575221181,0.0006708671813728499,"[0.09220157 0.09035566 0.07072028 0.09428153 0.09317232 0.0790292
 0.09693999 0.13763957 0.15062517 0.09503474]",-1.862603774568573,6.11808556709325
SCHW,0.0007647644518220197,0.0009910389421045635,"[0.08765583 0.09452582 0.08951742 0.08041338 0.10275405 0.09666839
 0.13522    0.11540844 0.10604736 0.09178933]",-1.214854336390128,1.92513481481905
DLR,0.0005778523518474738,0.0007167095698431085,"[0.08998881 0.07954235 0.1169584  0.09307073 0.09937887 0.10246322
 0.09625871 0.10082863 0.12524801 0.09626224]",-0.9976333511640302,1.7069585381792889
DD,0.00029518603247428906,0.00036249076978135756,"[0.06240674 0.07353212 0.09666677 0.11282637 0.11433131 0.10291631
 0.09832367 0.10626937 0.10747556 0.12525183]",-1.1240789413659973,1.4751945067865078
SWK,0.0007675841748264528,0.0006868000554415849,"[0.08229714 0.0664537  0.10579812 0.10789091 0.12875846 0.0956843
 0.09858573 0.11329987 0.12104648 0.08018534]",-2.0153330165698944,4.921823798952127
MSFT,0.0003912575115311813,0.00042133189205269457,"[0.09301036 0.08103045 0.09257337 0.08917543 0.12786007 0.11150231
 0.11049545 0.11590973 0.08021569 0.09822725]",-0.6707629839155723,1.0414035316297137
ROK,0.0004076334717595841,0.00034281592355256906,"[0.06210857 0.09605218 0.0884859  0.10716243 0.11955267 0.09528241
 0.0980029  0.13239737 0.10868266 0.09227283]",-0.9380985511741333,1.2196494313074706
